<?xml version="1.0" encoding="UTF-8"?>
<project-private xmlns="http://www.netbeans.org/ns/project-private/1">
    <editor-bookmarks xmlns="http://www.netbeans.org/ns/editor-bookmarks/2" lastBookmarkId="0"/>
    <open-files xmlns="http://www.netbeans.org/ns/projectui-open-files/2">
        <group>
            <file>file:/C:/Users/vfgya/Documents/NetBeansProjects/cupcake/src/java/data/CCservlet2.java</file>
            <file>file:/C:/Users/vfgya/Documents/NetBeansProjects/cupcake/web/index.jsp</file>
            <file>file:/C:/Users/vfgya/Documents/NetBeansProjects/cupcake/src/java/brain/Cupcake.java</file>
            <file>file:/C:/Users/vfgya/Documents/NetBeansProjects/cupcake/src/java/data/CCservlet1.java</file>
            <file>file:/C:/Users/vfgya/Documents/NetBeansProjects/cupcake/web/cupcakeList.jsp</file>
        </group>
    </open-files>
</project-private>
